origin,destination,mode,estimated_cost,cost_unit,cost_type
Ahmedabad,Dwarka,bus,700,per_person_one_way,rough_estimate
Ahmedabad,Dwarka,taxi,3000,per_person_one_way,rough_estimate
Ahmedabad,Dwarka,train,800,per_person_one_way,rough_estimate
Ahmedabad,Jaipur,bus,800,per_person_one_way,rough_estimate
Ahmedabad,Jaipur,taxi,3000,per_person_one_way,rough_estimate
Ahmedabad,Jaipur,train,900,per_person_one_way,rough_estimate
Ahmedabad,Jodhpur,bus,700,per_person_one_way,rough_estimate
Ahmedabad,Jodhpur,taxi,2800,per_person_one_way,rough_estimate
Ahmedabad,Jodhpur,train,800,per_person_one_way,rough_estimate
Ahmedabad,Mumbai,bus,700,per_person_one_way,rough_estimate
Ahmedabad,Mumbai,taxi,3000,per_person_one_way,rough_estimate
Ahmedabad,Mumbai,train,800,per_person_one_way,rough_estimate
Ahmedabad,Udaipur,bus,500,per_person_one_way,rough_estimate
Ahmedabad,Udaipur,taxi,2200,per_person_one_way,rough_estimate
Ahmedabad,Udaipur,train,550,per_person_one_way,rough_estimate
Bangalore,Chennai,bus,500,per_person_one_way,rough_estimate
Bangalore,Chennai,taxi,2200,per_person_one_way,rough_estimate
Bangalore,Chennai,train,550,per_person_one_way,rough_estimate
Bangalore,Chikmagalur,bus,400,per_person_one_way,rough_estimate
Bangalore,Chikmagalur,taxi,1800,per_person_one_way,rough_estimate
Bangalore,Coorg,bus,500,per_person_one_way,rough_estimate
Bangalore,Coorg,taxi,2200,per_person_one_way,rough_estimate
Bangalore,Goa,bus,1000,per_person_one_way,rough_estimate
Bangalore,Goa,flight,3000,per_person_one_way,rough_estimate
Bangalore,Goa,train,900,per_person_one_way,rough_estimate
Bangalore,Hampi,bus,700,per_person_one_way,rough_estimate
Bangalore,Hampi,taxi,3000,per_person_one_way,rough_estimate
Bangalore,Hampi,train,750,per_person_one_way,rough_estimate
Bangalore,Hyderabad,bus,900,per_person_one_way,rough_estimate
Bangalore,Hyderabad,taxi,3500,per_person_one_way,rough_estimate
Bangalore,Hyderabad,train,950,per_person_one_way,rough_estimate
Bangalore,Kabini,bus,500,per_person_one_way,rough_estimate
Bangalore,Kabini,taxi,2200,per_person_one_way,rough_estimate
Bangalore,Kabini,train,550,per_person_one_way,rough_estimate
Bangalore,Kanyakumari,bus,1100,per_person_one_way,rough_estimate
Bangalore,Kanyakumari,taxi,4500,per_person_one_way,rough_estimate
Bangalore,Kanyakumari,train,1200,per_person_one_way,rough_estimate
Bangalore,Kodaikanal,bus,700,per_person_one_way,rough_estimate
Bangalore,Kodaikanal,taxi,3000,per_person_one_way,rough_estimate
Bangalore,Kodaikanal,train,750,per_person_one_way,rough_estimate
Bangalore,Mangalore,bus,500,per_person_one_way,rough_estimate
Bangalore,Mangalore,taxi,2200,per_person_one_way,rough_estimate
Bangalore,Mangalore,train,550,per_person_one_way,rough_estimate
Bangalore,Mysore,bus,250,per_person_one_way,rough_estimate
Bangalore,Mysore,taxi,1200,per_person_one_way,rough_estimate
Bangalore,Mysore,train,250,per_person_one_way,rough_estimate
Bangalore,Ooty,bus,600,per_person_one_way,rough_estimate
Bangalore,Ooty,taxi,2500,per_person_one_way,rough_estimate
Bangalore,Ooty,train,700,per_person_one_way,rough_estimate
Bangalore,Pondicherry,bus,700,per_person_one_way,rough_estimate
Bangalore,Pondicherry,taxi,2800,per_person_one_way,rough_estimate
Bangalore,Pondicherry,train,750,per_person_one_way,rough_estimate
Bangalore,Wayanad,bus,650,per_person_one_way,rough_estimate
Bangalore,Wayanad,taxi,2800,per_person_one_way,rough_estimate
Bangalore,Wayanad,train,700,per_person_one_way,rough_estimate
Bhopal,Indore,bus,350,per_person_one_way,rough_estimate
Bhopal,Indore,taxi,1500,per_person_one_way,rough_estimate
Bhopal,Indore,train,400,per_person_one_way,rough_estimate
Bhopal,Ujjain,bus,300,per_person_one_way,rough_estimate
Bhopal,Ujjain,taxi,1300,per_person_one_way,rough_estimate
Bhopal,Ujjain,train,350,per_person_one_way,rough_estimate
Bhubaneswar,Chilika,bus,300,per_person_one_way,rough_estimate
Bhubaneswar,Chilika,taxi,1400,per_person_one_way,rough_estimate
Bhubaneswar,Chilika,train,350,per_person_one_way,rough_estimate
Bhubaneswar,Konark,bus,200,per_person_one_way,rough_estimate
Bhubaneswar,Konark,taxi,1000,per_person_one_way,rough_estimate
Bhubaneswar,Konark,train,250,per_person_one_way,rough_estimate
Bhubaneswar,Puri,bus,200,per_person_one_way,rough_estimate
Bhubaneswar,Puri,taxi,900,per_person_one_way,rough_estimate
Bhubaneswar,Puri,train,250,per_person_one_way,rough_estimate
Chandigarh,Amritsar,bus,500,per_person_one_way,rough_estimate
Chandigarh,Amritsar,taxi,2200,per_person_one_way,rough_estimate
Chandigarh,Amritsar,train,600,per_person_one_way,rough_estimate
Chandigarh,Manali,bus,800,per_person_one_way,rough_estimate
Chandigarh,Manali,taxi,3000,per_person_one_way,rough_estimate
Chandigarh,Manali,train,900,per_person_one_way,rough_estimate
Chandigarh,Shimla,bus,400,per_person_one_way,rough_estimate
Chandigarh,Shimla,taxi,1800,per_person_one_way,rough_estimate
Chandigarh,Shimla,train,500,per_person_one_way,rough_estimate
Chennai,Agra,bus,2200,per_person_one_way,rough_estimate
Chennai,Agra,taxi,7000,per_person_one_way,rough_estimate
Chennai,Agra,train,2300,per_person_one_way,rough_estimate
Chennai,Ahmedabad,bus,1700,per_person_one_way,rough_estimate
Chennai,Ahmedabad,taxi,6000,per_person_one_way,rough_estimate
Chennai,Ahmedabad,train,1800,per_person_one_way,rough_estimate
Chennai,Alappuzha,bus,750,per_person_one_way,rough_estimate
Chennai,Alappuzha,taxi,3500,per_person_one_way,rough_estimate
Chennai,Alappuzha,train,800,per_person_one_way,rough_estimate
Chennai,Alibaug,bus,1300,per_person_one_way,rough_estimate
Chennai,Alibaug,taxi,4800,per_person_one_way,rough_estimate
Chennai,Alibaug,train,1400,per_person_one_way,rough_estimate
Chennai,Alleppey,bus,750,per_person_one_way,rough_estimate
Chennai,Alleppey,taxi,3500,per_person_one_way,rough_estimate
Chennai,Alleppey,train,800,per_person_one_way,rough_estimate
Chennai,Amritsar,bus,2400,per_person_one_way,rough_estimate
Chennai,Amritsar,taxi,8000,per_person_one_way,rough_estimate
Chennai,Amritsar,train,2500,per_person_one_way,rough_estimate
Chennai,Ayodhya,bus,1800,per_person_one_way,rough_estimate
Chennai,Ayodhya,taxi,6500,per_person_one_way,rough_estimate
Chennai,Ayodhya,train,1900,per_person_one_way,rough_estimate
Chennai,Bandipur,bus,700,per_person_one_way,rough_estimate
Chennai,Bandipur,taxi,3000,per_person_one_way,rough_estimate
Chennai,Bandipur,train,750,per_person_one_way,rough_estimate
Chennai,Bangalore,bus,500,per_person_one_way,rough_estimate
Chennai,Bangalore,taxi,2200,per_person_one_way,rough_estimate
Chennai,Bangalore,train,550,per_person_one_way,rough_estimate
Chennai,Bengaluru,bus,500,per_person_one_way,rough_estimate
Chennai,Bengaluru,taxi,2200,per_person_one_way,rough_estimate
Chennai,Bengaluru,train,550,per_person_one_way,rough_estimate
Chennai,Bhopal,bus,1600,per_person_one_way,rough_estimate
Chennai,Bhopal,taxi,5500,per_person_one_way,rough_estimate
Chennai,Bhopal,train,1700,per_person_one_way,rough_estimate
Chennai,Bhubaneswar,bus,1500,per_person_one_way,rough_estimate
Chennai,Bhubaneswar,taxi,5500,per_person_one_way,rough_estimate
Chennai,Bhubaneswar,train,1600,per_person_one_way,rough_estimate
Chennai,Bodh Gaya,bus,1800,per_person_one_way,rough_estimate
Chennai,Bodh Gaya,taxi,6500,per_person_one_way,rough_estimate
Chennai,Bodh Gaya,train,1900,per_person_one_way,rough_estimate
Chennai,Chandigarh,bus,2400,per_person_one_way,rough_estimate
Chennai,Chandigarh,taxi,8000,per_person_one_way,rough_estimate
Chennai,Chandigarh,train,2500,per_person_one_way,rough_estimate
Chennai,Chidambaram,bus,300,per_person_one_way,rough_estimate
Chennai,Chidambaram,taxi,1500,per_person_one_way,rough_estimate
Chennai,Chidambaram,train,350,per_person_one_way,rough_estimate
Chennai,Chikmagalur,bus,750,per_person_one_way,rough_estimate
Chennai,Chikmagalur,taxi,3200,per_person_one_way,rough_estimate
Chennai,Chikmagalur,train,800,per_person_one_way,rough_estimate
Chennai,Coimbatore,bus,450,per_person_one_way,rough_estimate
Chennai,Coimbatore,taxi,2200,per_person_one_way,rough_estimate
Chennai,Coimbatore,train,450,per_person_one_way,rough_estimate
Chennai,Coonoor,bus,500,per_person_one_way,rough_estimate
Chennai,Coonoor,taxi,2500,per_person_one_way,rough_estimate
Chennai,Coonoor,train,650,per_person_one_way,rough_estimate
Chennai,Coorg,bus,700,per_person_one_way,rough_estimate
Chennai,Coorg,taxi,3000,per_person_one_way,rough_estimate
Chennai,Coorg,train,750,per_person_one_way,rough_estimate
Chennai,Dandeli,bus,950,per_person_one_way,rough_estimate
Chennai,Dandeli,taxi,4000,per_person_one_way,rough_estimate
Chennai,Dandeli,train,1000,per_person_one_way,rough_estimate
Chennai,Darjeeling,bus,2200,per_person_one_way,rough_estimate
Chennai,Darjeeling,taxi,7500,per_person_one_way,rough_estimate
Chennai,Darjeeling,train,2300,per_person_one_way,rough_estimate
Chennai,Delhi,bus,2200,per_person_one_way,rough_estimate
Chennai,Delhi,taxi,7000,per_person_one_way,rough_estimate
Chennai,Delhi,train,2300,per_person_one_way,rough_estimate
Chennai,Dharamshala,bus,2600,per_person_one_way,rough_estimate
Chennai,Dharamshala,taxi,8500,per_person_one_way,rough_estimate
Chennai,Dharamshala,train,2700,per_person_one_way,rough_estimate
Chennai,Dindigul,bus,450,per_person_one_way,rough_estimate
Chennai,Dindigul,taxi,2200,per_person_one_way,rough_estimate
Chennai,Dindigul,train,500,per_person_one_way,rough_estimate
Chennai,Diu,bus,1700,per_person_one_way,rough_estimate
Chennai,Diu,taxi,6000,per_person_one_way,rough_estimate
Chennai,Diu,train,1800,per_person_one_way,rough_estimate
Chennai,Dwarka,bus,1800,per_person_one_way,rough_estimate
Chennai,Dwarka,taxi,6500,per_person_one_way,rough_estimate
Chennai,Dwarka,train,1900,per_person_one_way,rough_estimate
Chennai,Erode,bus,450,per_person_one_way,rough_estimate
Chennai,Erode,taxi,2200,per_person_one_way,rough_estimate
Chennai,Erode,train,500,per_person_one_way,rough_estimate
Chennai,Gangtok,bus,2300,per_person_one_way,rough_estimate
Chennai,Gangtok,taxi,8000,per_person_one_way,rough_estimate
Chennai,Gangtok,train,2400,per_person_one_way,rough_estimate
Chennai,Goa,bus,1200,per_person_one_way,rough_estimate
Chennai,Goa,taxi,4500,per_person_one_way,rough_estimate
Chennai,Goa,train,1300,per_person_one_way,rough_estimate
Chennai,Gokarna,bus,900,per_person_one_way,rough_estimate
Chennai,Gokarna,taxi,3500,per_person_one_way,rough_estimate
Chennai,Gokarna,train,950,per_person_one_way,rough_estimate
Chennai,Gulmarg,bus,3100,per_person_one_way,rough_estimate
Chennai,Gulmarg,taxi,10000,per_person_one_way,rough_estimate
Chennai,Gulmarg,train,3300,per_person_one_way,rough_estimate
Chennai,Guwahati,bus,2200,per_person_one_way,rough_estimate
Chennai,Guwahati,taxi,7500,per_person_one_way,rough_estimate
Chennai,Guwahati,train,2300,per_person_one_way,rough_estimate
Chennai,Hampi,bus,900,per_person_one_way,rough_estimate
Chennai,Hampi,taxi,3800,per_person_one_way,rough_estimate
Chennai,Hampi,train,950,per_person_one_way,rough_estimate
Chennai,Haridwar,bus,2300,per_person_one_way,rough_estimate
Chennai,Haridwar,taxi,7500,per_person_one_way,rough_estimate
Chennai,Haridwar,train,2400,per_person_one_way,rough_estimate
Chennai,Hogenakkal,bus,400,per_person_one_way,rough_estimate
Chennai,Hogenakkal,taxi,1800,per_person_one_way,rough_estimate
Chennai,Hogenakkal,train,450,per_person_one_way,rough_estimate
Chennai,Hyderabad,bus,900,per_person_one_way,rough_estimate
Chennai,Hyderabad,taxi,3500,per_person_one_way,rough_estimate
Chennai,Hyderabad,train,950,per_person_one_way,rough_estimate
Chennai,Indore,bus,1500,per_person_one_way,rough_estimate
Chennai,Indore,taxi,5200,per_person_one_way,rough_estimate
Chennai,Indore,train,1600,per_person_one_way,rough_estimate
Chennai,Jaipur,bus,2200,per_person_one_way,rough_estimate
Chennai,Jaipur,taxi,7000,per_person_one_way,rough_estimate
Chennai,Jaipur,train,2300,per_person_one_way,rough_estimate
Chennai,Jaisalmer,bus,2100,per_person_one_way,rough_estimate
Chennai,Jaisalmer,taxi,7000,per_person_one_way,rough_estimate
Chennai,Jaisalmer,train,2200,per_person_one_way,rough_estimate
Chennai,Jodhpur,bus,1900,per_person_one_way,rough_estimate
Chennai,Jodhpur,taxi,6500,per_person_one_way,rough_estimate
Chennai,Jodhpur,train,2000,per_person_one_way,rough_estimate
Chennai,Kabini,bus,800,per_person_one_way,rough_estimate
Chennai,Kabini,taxi,3300,per_person_one_way,rough_estimate
Chennai,Kabini,train,850,per_person_one_way,rough_estimate
Chennai,Kanchipuram,bus,180,per_person_one_way,rough_estimate
Chennai,Kanchipuram,taxi,1000,per_person_one_way,rough_estimate
Chennai,Kanchipuram,train,220,per_person_one_way,rough_estimate
Chennai,Kanyakumari,bus,750,per_person_one_way,rough_estimate
Chennai,Kanyakumari,taxi,3500,per_person_one_way,rough_estimate
Chennai,Kanyakumari,train,700,per_person_one_way,rough_estimate
Chennai,Kasol,bus,2700,per_person_one_way,rough_estimate
Chennai,Kasol,taxi,9000,per_person_one_way,rough_estimate
Chennai,Kasol,train,2800,per_person_one_way,rough_estimate
Chennai,Kaziranga,bus,2300,per_person_one_way,rough_estimate
Chennai,Kaziranga,taxi,8000,per_person_one_way,rough_estimate
Chennai,Kaziranga,train,2400,per_person_one_way,rough_estimate
Chennai,Khajuraho,bus,1900,per_person_one_way,rough_estimate
Chennai,Khajuraho,taxi,6500,per_person_one_way,rough_estimate
Chennai,Khajuraho,train,2000,per_person_one_way,rough_estimate
Chennai,Kochi,bus,800,per_person_one_way,rough_estimate
Chennai,Kochi,taxi,3500,per_person_one_way,rough_estimate
Chennai,Kochi,train,850,per_person_one_way,rough_estimate
Chennai,Kodaikanal,bus,500,per_person_one_way,rough_estimate
Chennai,Kodaikanal,taxi,2500,per_person_one_way,rough_estimate
Chennai,Kodaikanal,train,550,per_person_one_way,rough_estimate
Chennai,Kolkata,bus,2000,per_person_one_way,rough_estimate
Chennai,Kolkata,taxi,7000,per_person_one_way,rough_estimate
Chennai,Kolkata,train,2100,per_person_one_way,rough_estimate
Chennai,Konark,bus,1500,per_person_one_way,rough_estimate
Chennai,Konark,taxi,5500,per_person_one_way,rough_estimate
Chennai,Konark,train,1600,per_person_one_way,rough_estimate
Chennai,Kotagiri,bus,500,per_person_one_way,rough_estimate
Chennai,Kotagiri,taxi,2500,per_person_one_way,rough_estimate
Chennai,Kotagiri,train,650,per_person_one_way,rough_estimate
Chennai,Kovalam,bus,750,per_person_one_way,rough_estimate
Chennai,Kovalam,taxi,3200,per_person_one_way,rough_estimate
Chennai,Kovalam,train,800,per_person_one_way,rough_estimate
Chennai,Kumarakom,bus,750,per_person_one_way,rough_estimate
Chennai,Kumarakom,taxi,3500,per_person_one_way,rough_estimate
Chennai,Kumarakom,train,800,per_person_one_way,rough_estimate
Chennai,Kumbakonam,bus,400,per_person_one_way,rough_estimate
Chennai,Kumbakonam,taxi,2000,per_person_one_way,rough_estimate
Chennai,Kumbakonam,train,450,per_person_one_way,rough_estimate
Chennai,Leh,bus,3500,per_person_one_way,rough_estimate
Chennai,Leh,taxi,12000,per_person_one_way,rough_estimate
Chennai,Leh,train,3600,per_person_one_way,rough_estimate
Chennai,Lonavala,bus,1300,per_person_one_way,rough_estimate
Chennai,Lonavala,taxi,4800,per_person_one_way,rough_estimate
Chennai,Lonavala,train,1400,per_person_one_way,rough_estimate
Chennai,Lucknow,bus,1800,per_person_one_way,rough_estimate
Chennai,Lucknow,taxi,6500,per_person_one_way,rough_estimate
Chennai,Lucknow,train,1900,per_person_one_way,rough_estimate
Chennai,Madurai,bus,500,per_person_one_way,rough_estimate
Chennai,Madurai,taxi,2500,per_person_one_way,rough_estimate
Chennai,Madurai,train,550,per_person_one_way,rough_estimate
Chennai,Mahabaleshwar,bus,1300,per_person_one_way,rough_estimate
Chennai,Mahabaleshwar,taxi,4800,per_person_one_way,rough_estimate
Chennai,Mahabaleshwar,train,1400,per_person_one_way,rough_estimate
Chennai,Mahabalipuram,bus,150,per_person_one_way,rough_estimate
Chennai,Mahabalipuram,taxi,1000,per_person_one_way,rough_estimate
Chennai,Mahabalipuram,train,180,per_person_one_way,rough_estimate
Chennai,Manali,bus,2600,per_person_one_way,rough_estimate
Chennai,Manali,taxi,8500,per_person_one_way,rough_estimate
Chennai,Manali,train,2700,per_person_one_way,rough_estimate
Chennai,Mettupalayam,bus,450,per_person_one_way,rough_estimate
Chennai,Mettupalayam,taxi,2200,per_person_one_way,rough_estimate
Chennai,Mettupalayam,train,550,per_person_one_way,rough_estimate
Chennai,Mount Abu,bus,1900,per_person_one_way,rough_estimate
Chennai,Mount Abu,taxi,6500,per_person_one_way,rough_estimate
Chennai,Mount Abu,train,2000,per_person_one_way,rough_estimate
Chennai,Mumbai,bus,1400,per_person_one_way,rough_estimate
Chennai,Mumbai,taxi,5000,per_person_one_way,rough_estimate
Chennai,Mumbai,train,1500,per_person_one_way,rough_estimate
Chennai,Munnar,bus,700,per_person_one_way,rough_estimate
Chennai,Munnar,taxi,3200,per_person_one_way,rough_estimate
Chennai,Munnar,train,750,per_person_one_way,rough_estimate
Chennai,Mussoorie,bus,2400,per_person_one_way,rough_estimate
Chennai,Mussoorie,taxi,7800,per_person_one_way,rough_estimate
Chennai,Mussoorie,train,2500,per_person_one_way,rough_estimate
Chennai,Mysore,bus,700,per_person_one_way,rough_estimate
Chennai,Mysore,taxi,3000,per_person_one_way,rough_estimate
Chennai,Mysore,train,750,per_person_one_way,rough_estimate
Chennai,Nagapattinam,bus,450,per_person_one_way,rough_estimate
Chennai,Nagapattinam,taxi,2200,per_person_one_way,rough_estimate
Chennai,Nagapattinam,train,500,per_person_one_way,rough_estimate
Chennai,Nainital,bus,2400,per_person_one_way,rough_estimate
Chennai,Nainital,taxi,8000,per_person_one_way,rough_estimate
Chennai,Nainital,train,2500,per_person_one_way,rough_estimate
Chennai,Ooty,bus,500,per_person_one_way,rough_estimate
Chennai,Ooty,taxi,2500,per_person_one_way,rough_estimate
Chennai,Ooty,train,650,per_person_one_way,rough_estimate
Chennai,Pahalgam,bus,3100,per_person_one_way,rough_estimate
Chennai,Pahalgam,taxi,10000,per_person_one_way,rough_estimate
Chennai,Pahalgam,train,3300,per_person_one_way,rough_estimate
Chennai,Pollachi,bus,500,per_person_one_way,rough_estimate
Chennai,Pollachi,taxi,2300,per_person_one_way,rough_estimate
Chennai,Pollachi,train,550,per_person_one_way,rough_estimate
Chennai,Pondicherry,bus,200,per_person_one_way,rough_estimate
Chennai,Pondicherry,taxi,1200,per_person_one_way,rough_estimate
Chennai,Pondicherry,train,200,per_person_one_way,rough_estimate
Chennai,Poompuhar,bus,400,per_person_one_way,rough_estimate
Chennai,Poompuhar,taxi,2000,per_person_one_way,rough_estimate
Chennai,Poompuhar,train,450,per_person_one_way,rough_estimate
Chennai,Prayagraj,bus,1750,per_person_one_way,rough_estimate
Chennai,Prayagraj,taxi,6200,per_person_one_way,rough_estimate
Chennai,Prayagraj,train,1850,per_person_one_way,rough_estimate
Chennai,Pune,bus,1300,per_person_one_way,rough_estimate
Chennai,Pune,taxi,4800,per_person_one_way,rough_estimate
Chennai,Pune,train,1400,per_person_one_way,rough_estimate
Chennai,Puri,bus,1500,per_person_one_way,rough_estimate
Chennai,Puri,taxi,5500,per_person_one_way,rough_estimate
Chennai,Puri,train,1600,per_person_one_way,rough_estimate
Chennai,Pushkar,bus,1900,per_person_one_way,rough_estimate
Chennai,Pushkar,taxi,6500,per_person_one_way,rough_estimate
Chennai,Pushkar,train,2000,per_person_one_way,rough_estimate
Chennai,Rameswaram,bus,550,per_person_one_way,rough_estimate
Chennai,Rameswaram,taxi,3000,per_person_one_way,rough_estimate
Chennai,Rameswaram,train,500,per_person_one_way,rough_estimate
Chennai,Rann of Kutch,bus,1800,per_person_one_way,rough_estimate
Chennai,Rann of Kutch,taxi,6500,per_person_one_way,rough_estimate
Chennai,Rann of Kutch,train,1900,per_person_one_way,rough_estimate
Chennai,Ranthambore,bus,1900,per_person_one_way,rough_estimate
Chennai,Ranthambore,taxi,6500,per_person_one_way,rough_estimate
Chennai,Ranthambore,train,2000,per_person_one_way,rough_estimate
Chennai,Rishikesh,bus,2300,per_person_one_way,rough_estimate
Chennai,Rishikesh,taxi,7500,per_person_one_way,rough_estimate
Chennai,Rishikesh,train,2400,per_person_one_way,rough_estimate
Chennai,Sakleshpur,bus,700,per_person_one_way,rough_estimate
Chennai,Sakleshpur,taxi,3000,per_person_one_way,rough_estimate
Chennai,Sakleshpur,train,750,per_person_one_way,rough_estimate
Chennai,Salem,bus,400,per_person_one_way,rough_estimate
Chennai,Salem,taxi,2000,per_person_one_way,rough_estimate
Chennai,Salem,train,450,per_person_one_way,rough_estimate
Chennai,Shillong,bus,2200,per_person_one_way,rough_estimate
Chennai,Shillong,taxi,7500,per_person_one_way,rough_estimate
Chennai,Shillong,train,2300,per_person_one_way,rough_estimate
Chennai,Shimla,bus,2500,per_person_one_way,rough_estimate
Chennai,Shimla,taxi,8000,per_person_one_way,rough_estimate
Chennai,Shimla,train,2600,per_person_one_way,rough_estimate
Chennai,Somnath,bus,1800,per_person_one_way,rough_estimate
Chennai,Somnath,taxi,6500,per_person_one_way,rough_estimate
Chennai,Somnath,train,1900,per_person_one_way,rough_estimate
Chennai,Srinagar,bus,3000,per_person_one_way,rough_estimate
Chennai,Srinagar,taxi,9500,per_person_one_way,rough_estimate
Chennai,Srinagar,train,3200,per_person_one_way,rough_estimate
Chennai,Tawang,bus,2600,per_person_one_way,rough_estimate
Chennai,Tawang,taxi,9500,per_person_one_way,rough_estimate
Chennai,Tawang,train,2800,per_person_one_way,rough_estimate
Chennai,Thanjavur,bus,350,per_person_one_way,rough_estimate
Chennai,Thanjavur,taxi,1800,per_person_one_way,rough_estimate
Chennai,Thanjavur,train,400,per_person_one_way,rough_estimate
Chennai,Thekkady,bus,700,per_person_one_way,rough_estimate
Chennai,Thekkady,taxi,3200,per_person_one_way,rough_estimate
Chennai,Thekkady,train,750,per_person_one_way,rough_estimate
Chennai,Theni,bus,500,per_person_one_way,rough_estimate
Chennai,Theni,taxi,2500,per_person_one_way,rough_estimate
Chennai,Theni,train,550,per_person_one_way,rough_estimate
Chennai,Thoothukudi,bus,650,per_person_one_way,rough_estimate
Chennai,Thoothukudi,taxi,3000,per_person_one_way,rough_estimate
Chennai,Thoothukudi,train,700,per_person_one_way,rough_estimate
Chennai,Tirunelveli,bus,650,per_person_one_way,rough_estimate
Chennai,Tirunelveli,taxi,3000,per_person_one_way,rough_estimate
Chennai,Tirunelveli,train,700,per_person_one_way,rough_estimate
Chennai,Tirupati,bus,350,per_person_one_way,rough_estimate
Chennai,Tirupati,taxi,1800,per_person_one_way,rough_estimate
Chennai,Tirupati,train,400,per_person_one_way,rough_estimate
Chennai,Tiruppur,bus,450,per_person_one_way,rough_estimate
Chennai,Tiruppur,taxi,2200,per_person_one_way,rough_estimate
Chennai,Tiruppur,train,500,per_person_one_way,rough_estimate
Chennai,Tiruvannamalai,bus,300,per_person_one_way,rough_estimate
Chennai,Tiruvannamalai,taxi,1500,per_person_one_way,rough_estimate
Chennai,Tiruvannamalai,train,350,per_person_one_way,rough_estimate
Chennai,Trichy,bus,400,per_person_one_way,rough_estimate
Chennai,Trichy,taxi,2000,per_person_one_way,rough_estimate
Chennai,Trichy,train,450,per_person_one_way,rough_estimate
Chennai,Udaipur,bus,1800,per_person_one_way,rough_estimate
Chennai,Udaipur,taxi,6500,per_person_one_way,rough_estimate
Chennai,Udaipur,train,1900,per_person_one_way,rough_estimate
Chennai,Ujjain,bus,1550,per_person_one_way,rough_estimate
Chennai,Ujjain,taxi,5400,per_person_one_way,rough_estimate
Chennai,Ujjain,train,1650,per_person_one_way,rough_estimate
Chennai,Vagamon,bus,700,per_person_one_way,rough_estimate
Chennai,Vagamon,taxi,3200,per_person_one_way,rough_estimate
Chennai,Vagamon,train,750,per_person_one_way,rough_estimate
Chennai,Valparai,bus,600,per_person_one_way,rough_estimate
Chennai,Valparai,taxi,2800,per_person_one_way,rough_estimate
Chennai,Valparai,train,650,per_person_one_way,rough_estimate
Chennai,Varanasi,bus,1800,per_person_one_way,rough_estimate
Chennai,Varanasi,taxi,6500,per_person_one_way,rough_estimate
Chennai,Varanasi,train,1900,per_person_one_way,rough_estimate
Chennai,Varkala,bus,700,per_person_one_way,rough_estimate
Chennai,Varkala,taxi,3000,per_person_one_way,rough_estimate
Chennai,Varkala,train,750,per_person_one_way,rough_estimate
Chennai,Velankanni,bus,450,per_person_one_way,rough_estimate
Chennai,Velankanni,taxi,2200,per_person_one_way,rough_estimate
Chennai,Velankanni,train,500,per_person_one_way,rough_estimate
Chennai,Vellore,bus,250,per_person_one_way,rough_estimate
Chennai,Vellore,taxi,1300,per_person_one_way,rough_estimate
Chennai,Vellore,train,300,per_person_one_way,rough_estimate
Chennai,Vijayawada,bus,650,per_person_one_way,rough_estimate
Chennai,Vijayawada,taxi,2800,per_person_one_way,rough_estimate
Chennai,Vijayawada,train,700,per_person_one_way,rough_estimate
Chennai,Visakhapatnam,bus,850,per_person_one_way,rough_estimate
Chennai,Visakhapatnam,taxi,3500,per_person_one_way,rough_estimate
Chennai,Visakhapatnam,train,900,per_person_one_way,rough_estimate
Chennai,Wayanad,bus,750,per_person_one_way,rough_estimate
Chennai,Wayanad,taxi,3300,per_person_one_way,rough_estimate
Chennai,Wayanad,train,800,per_person_one_way,rough_estimate
Chennai,Yelagiri,bus,300,per_person_one_way,rough_estimate
Chennai,Yelagiri,taxi,1500,per_person_one_way,rough_estimate
Chennai,Yelagiri,train,350,per_person_one_way,rough_estimate
Chennai,Yercaud,bus,450,per_person_one_way,rough_estimate
Chennai,Yercaud,taxi,2200,per_person_one_way,rough_estimate
Chennai,Yercaud,train,500,per_person_one_way,rough_estimate
Coimbatore,Kochi,bus,350,per_person_one_way,rough_estimate
Coimbatore,Kochi,taxi,1600,per_person_one_way,rough_estimate
Coimbatore,Kochi,train,400,per_person_one_way,rough_estimate
Coimbatore,Madurai,bus,350,per_person_one_way,rough_estimate
Coimbatore,Madurai,taxi,1600,per_person_one_way,rough_estimate
Coimbatore,Madurai,train,400,per_person_one_way,rough_estimate
Coimbatore,Munnar,bus,450,per_person_one_way,rough_estimate
Coimbatore,Munnar,taxi,2000,per_person_one_way,rough_estimate
Coimbatore,Munnar,train,500,per_person_one_way,rough_estimate
Coimbatore,Palakkad,bus,200,per_person_one_way,rough_estimate
Coimbatore,Palakkad,taxi,900,per_person_one_way,rough_estimate
Coimbatore,Palakkad,train,250,per_person_one_way,rough_estimate
Coimbatore,Valparai,bus,300,per_person_one_way,rough_estimate
Coimbatore,Valparai,taxi,1400,per_person_one_way,rough_estimate
Coimbatore,Valparai,train,350,per_person_one_way,rough_estimate
Dehradun,Haridwar,bus,150,per_person_one_way,rough_estimate
Dehradun,Haridwar,taxi,800,per_person_one_way,rough_estimate
Dehradun,Haridwar,train,200,per_person_one_way,rough_estimate
Dehradun,Mussoorie,bus,200,per_person_one_way,rough_estimate
Dehradun,Mussoorie,taxi,1000,per_person_one_way,rough_estimate
Dehradun,Mussoorie,train,250,per_person_one_way,rough_estimate
Dehradun,Rishikesh,bus,200,per_person_one_way,rough_estimate
Dehradun,Rishikesh,taxi,1000,per_person_one_way,rough_estimate
Dehradun,Rishikesh,train,250,per_person_one_way,rough_estimate
Delhi,Agra,bus,500,per_person_one_way,rough_estimate
Delhi,Agra,taxi,2500,per_person_one_way,rough_estimate
Delhi,Agra,train,500,per_person_one_way,rough_estimate
Delhi,Amritsar,bus,700,per_person_one_way,rough_estimate
Delhi,Amritsar,taxi,2800,per_person_one_way,rough_estimate
Delhi,Amritsar,train,800,per_person_one_way,rough_estimate
Delhi,Haridwar,bus,400,per_person_one_way,rough_estimate
Delhi,Haridwar,taxi,1800,per_person_one_way,rough_estimate
Delhi,Haridwar,train,450,per_person_one_way,rough_estimate
Delhi,Jaipur,bus,500,per_person_one_way,rough_estimate
Delhi,Jaipur,taxi,2500,per_person_one_way,rough_estimate
Delhi,Jaipur,train,600,per_person_one_way,rough_estimate
Delhi,Jodhpur,bus,900,per_person_one_way,rough_estimate
Delhi,Jodhpur,taxi,3500,per_person_one_way,rough_estimate
Delhi,Jodhpur,train,1000,per_person_one_way,rough_estimate
Delhi,Manali,bus,1200,per_person_one_way,rough_estimate
Delhi,Manali,taxi,4500,per_person_one_way,rough_estimate
Delhi,Rishikesh,bus,600,per_person_one_way,rough_estimate
Delhi,Rishikesh,taxi,2500,per_person_one_way,rough_estimate
Delhi,Rishikesh,train,600,per_person_one_way,rough_estimate
Delhi,Shimla,bus,900,per_person_one_way,rough_estimate
Delhi,Shimla,taxi,3500,per_person_one_way,rough_estimate
Delhi,Shimla,train,1000,per_person_one_way,rough_estimate
Delhi,Udaipur,bus,900,per_person_one_way,rough_estimate
Delhi,Udaipur,taxi,3500,per_person_one_way,rough_estimate
Delhi,Udaipur,train,1000,per_person_one_way,rough_estimate
Delhi,Varanasi,bus,900,per_person_one_way,rough_estimate
Delhi,Varanasi,taxi,3500,per_person_one_way,rough_estimate
Delhi,Varanasi,train,1000,per_person_one_way,rough_estimate
Guwahati,Kaziranga,bus,500,per_person_one_way,rough_estimate
Guwahati,Kaziranga,taxi,2200,per_person_one_way,rough_estimate
Guwahati,Kaziranga,train,550,per_person_one_way,rough_estimate
Guwahati,Shillong,bus,300,per_person_one_way,rough_estimate
Guwahati,Shillong,taxi,1400,per_person_one_way,rough_estimate
Guwahati,Shillong,train,350,per_person_one_way,rough_estimate
Guwahati,Tawang,bus,1000,per_person_one_way,rough_estimate
Guwahati,Tawang,taxi,4500,per_person_one_way,rough_estimate
Guwahati,Tawang,train,1200,per_person_one_way,rough_estimate
Hyderabad,Bangalore,bus,900,per_person_one_way,rough_estimate
Hyderabad,Bangalore,flight,3500,per_person_one_way,rough_estimate
Hyderabad,Bangalore,train,800,per_person_one_way,rough_estimate
Hyderabad,Chennai,bus,900,per_person_one_way,rough_estimate
Hyderabad,Chennai,taxi,3500,per_person_one_way,rough_estimate
Hyderabad,Chennai,train,950,per_person_one_way,rough_estimate
Hyderabad,Goa,bus,1000,per_person_one_way,rough_estimate
Hyderabad,Goa,flight,3500,per_person_one_way,rough_estimate
Hyderabad,Goa,train,900,per_person_one_way,rough_estimate
Hyderabad,Hampi,bus,850,per_person_one_way,rough_estimate
Hyderabad,Hampi,taxi,3200,per_person_one_way,rough_estimate
Hyderabad,Hampi,train,900,per_person_one_way,rough_estimate
Hyderabad,Tirupati,bus,600,per_person_one_way,rough_estimate
Hyderabad,Tirupati,taxi,2500,per_person_one_way,rough_estimate
Hyderabad,Tirupati,train,650,per_person_one_way,rough_estimate
Hyderabad,Vijayawada,bus,500,per_person_one_way,rough_estimate
Hyderabad,Vijayawada,taxi,2200,per_person_one_way,rough_estimate
Hyderabad,Vijayawada,train,550,per_person_one_way,rough_estimate
Hyderabad,Visakhapatnam,bus,700,per_person_one_way,rough_estimate
Hyderabad,Visakhapatnam,taxi,3000,per_person_one_way,rough_estimate
Hyderabad,Visakhapatnam,train,750,per_person_one_way,rough_estimate
Indore,Jaipur,bus,800,per_person_one_way,rough_estimate
Indore,Jaipur,taxi,3000,per_person_one_way,rough_estimate
Indore,Jaipur,train,900,per_person_one_way,rough_estimate
Indore,Udaipur,bus,600,per_person_one_way,rough_estimate
Indore,Udaipur,taxi,2400,per_person_one_way,rough_estimate
Indore,Udaipur,train,700,per_person_one_way,rough_estimate
Jaipur,Agra,bus,500,per_person_one_way,rough_estimate
Jaipur,Agra,taxi,2200,per_person_one_way,rough_estimate
Jaipur,Agra,train,600,per_person_one_way,rough_estimate
Jaipur,Delhi,bus,500,per_person_one_way,rough_estimate
Jaipur,Delhi,taxi,2200,per_person_one_way,rough_estimate
Jaipur,Delhi,train,600,per_person_one_way,rough_estimate
Jaipur,Jodhpur,bus,500,per_person_one_way,rough_estimate
Jaipur,Jodhpur,taxi,2200,per_person_one_way,rough_estimate
Jaipur,Jodhpur,train,600,per_person_one_way,rough_estimate
Jaipur,Udaipur,bus,600,per_person_one_way,rough_estimate
Jaipur,Udaipur,taxi,2500,per_person_one_way,rough_estimate
Jaipur,Udaipur,train,700,per_person_one_way,rough_estimate
Kochi,Alappuzha,bus,150,per_person_one_way,rough_estimate
Kochi,Alappuzha,taxi,900,per_person_one_way,rough_estimate
Kochi,Alappuzha,train,150,per_person_one_way,rough_estimate
Kochi,Kovalam,bus,400,per_person_one_way,rough_estimate
Kochi,Kovalam,taxi,1800,per_person_one_way,rough_estimate
Kochi,Kovalam,train,450,per_person_one_way,rough_estimate
Kochi,Kozhikode,bus,300,per_person_one_way,rough_estimate
Kochi,Kozhikode,taxi,1400,per_person_one_way,rough_estimate
Kochi,Kozhikode,train,350,per_person_one_way,rough_estimate
Kochi,Kumarakom,bus,250,per_person_one_way,rough_estimate
Kochi,Kumarakom,taxi,1200,per_person_one_way,rough_estimate
Kochi,Kumarakom,train,300,per_person_one_way,rough_estimate
Kochi,Munnar,bus,300,per_person_one_way,rough_estimate
Kochi,Munnar,taxi,1800,per_person_one_way,rough_estimate
Kochi,Thekkady,bus,500,per_person_one_way,rough_estimate
Kochi,Thekkady,taxi,2200,per_person_one_way,rough_estimate
Kochi,Thekkady,train,550,per_person_one_way,rough_estimate
Kochi,Varkala,bus,350,per_person_one_way,rough_estimate
Kochi,Varkala,taxi,1600,per_person_one_way,rough_estimate
Kochi,Varkala,train,400,per_person_one_way,rough_estimate
Kochi,Wayanad,bus,500,per_person_one_way,rough_estimate
Kochi,Wayanad,taxi,2200,per_person_one_way,rough_estimate
Kochi,Wayanad,train,550,per_person_one_way,rough_estimate
Kolkata,Bhubaneswar,bus,500,per_person_one_way,rough_estimate
Kolkata,Bhubaneswar,taxi,2200,per_person_one_way,rough_estimate
Kolkata,Bhubaneswar,train,550,per_person_one_way,rough_estimate
Kolkata,Darjeeling,bus,700,per_person_one_way,rough_estimate
Kolkata,Darjeeling,taxi,3500,per_person_one_way,rough_estimate
Kolkata,Darjeeling,train,600,per_person_one_way,rough_estimate
Kolkata,Digha,bus,350,per_person_one_way,rough_estimate
Kolkata,Digha,taxi,1600,per_person_one_way,rough_estimate
Kolkata,Digha,train,400,per_person_one_way,rough_estimate
Kolkata,Gangtok,bus,900,per_person_one_way,rough_estimate
Kolkata,Gangtok,taxi,4000,per_person_one_way,rough_estimate
Kolkata,Gangtok,train,1000,per_person_one_way,rough_estimate
Kolkata,Puri,bus,500,per_person_one_way,rough_estimate
Kolkata,Puri,taxi,2500,per_person_one_way,rough_estimate
Kolkata,Puri,train,500,per_person_one_way,rough_estimate
Kolkata,Siliguri,bus,700,per_person_one_way,rough_estimate
Kolkata,Siliguri,taxi,3000,per_person_one_way,rough_estimate
Kolkata,Siliguri,train,750,per_person_one_way,rough_estimate
Lucknow,Agra,bus,600,per_person_one_way,rough_estimate
Lucknow,Agra,taxi,2500,per_person_one_way,rough_estimate
Lucknow,Agra,train,700,per_person_one_way,rough_estimate
Lucknow,Ayodhya,bus,300,per_person_one_way,rough_estimate
Lucknow,Ayodhya,taxi,1400,per_person_one_way,rough_estimate
Lucknow,Ayodhya,train,350,per_person_one_way,rough_estimate
Lucknow,Nainital,bus,700,per_person_one_way,rough_estimate
Lucknow,Nainital,taxi,2800,per_person_one_way,rough_estimate
Lucknow,Nainital,train,800,per_person_one_way,rough_estimate
Madurai,Kanyakumari,bus,400,per_person_one_way,rough_estimate
Madurai,Kanyakumari,taxi,1800,per_person_one_way,rough_estimate
Madurai,Kanyakumari,train,450,per_person_one_way,rough_estimate
Madurai,Kodaikanal,bus,300,per_person_one_way,rough_estimate
Madurai,Kodaikanal,taxi,1400,per_person_one_way,rough_estimate
Madurai,Kodaikanal,train,350,per_person_one_way,rough_estimate
Madurai,Munnar,bus,500,per_person_one_way,rough_estimate
Madurai,Munnar,taxi,2200,per_person_one_way,rough_estimate
Madurai,Munnar,train,550,per_person_one_way,rough_estimate
Madurai,Rameswaram,bus,300,per_person_one_way,rough_estimate
Madurai,Rameswaram,taxi,1400,per_person_one_way,rough_estimate
Madurai,Rameswaram,train,350,per_person_one_way,rough_estimate
Madurai,Trichy,bus,250,per_person_one_way,rough_estimate
Madurai,Trichy,taxi,1200,per_person_one_way,rough_estimate
Madurai,Trichy,train,300,per_person_one_way,rough_estimate
Mumbai,Alibaug,bus,300,per_person_one_way,rough_estimate
Mumbai,Alibaug,taxi,1400,per_person_one_way,rough_estimate
Mumbai,Alibaug,train,350,per_person_one_way,rough_estimate
Mumbai,Aurangabad,bus,600,per_person_one_way,rough_estimate
Mumbai,Aurangabad,taxi,2500,per_person_one_way,rough_estimate
Mumbai,Aurangabad,train,650,per_person_one_way,rough_estimate
Mumbai,Goa,bus,1200,per_person_one_way,rough_estimate
Mumbai,Goa,flight,3500,per_person_one_way,rough_estimate
Mumbai,Goa,train,1000,per_person_one_way,rough_estimate
Mumbai,Kolhapur,bus,500,per_person_one_way,rough_estimate
Mumbai,Kolhapur,taxi,2200,per_person_one_way,rough_estimate
Mumbai,Kolhapur,train,550,per_person_one_way,rough_estimate
Mumbai,Lonavala,bus,300,per_person_one_way,rough_estimate
Mumbai,Lonavala,taxi,1400,per_person_one_way,rough_estimate
Mumbai,Lonavala,train,350,per_person_one_way,rough_estimate
Mumbai,Mahabaleshwar,bus,500,per_person_one_way,rough_estimate
Mumbai,Mahabaleshwar,taxi,2200,per_person_one_way,rough_estimate
Mumbai,Mahabaleshwar,train,550,per_person_one_way,rough_estimate
Mumbai,Nashik,bus,400,per_person_one_way,rough_estimate
Mumbai,Nashik,taxi,1800,per_person_one_way,rough_estimate
Mumbai,Nashik,train,350,per_person_one_way,rough_estimate
Mumbai,Pune,bus,500,per_person_one_way,rough_estimate
Mumbai,Pune,taxi,1800,per_person_one_way,rough_estimate
Mumbai,Pune,train,400,per_person_one_way,rough_estimate
Patna,Bodh Gaya,bus,250,per_person_one_way,rough_estimate
Patna,Bodh Gaya,taxi,1200,per_person_one_way,rough_estimate
Patna,Bodh Gaya,train,300,per_person_one_way,rough_estimate
Patna,Varanasi,bus,450,per_person_one_way,rough_estimate
Patna,Varanasi,taxi,1800,per_person_one_way,rough_estimate
Patna,Varanasi,train,500,per_person_one_way,rough_estimate
Pune,Aurangabad,bus,400,per_person_one_way,rough_estimate
Pune,Aurangabad,taxi,1800,per_person_one_way,rough_estimate
Pune,Aurangabad,train,450,per_person_one_way,rough_estimate
Pune,Goa,bus,900,per_person_one_way,rough_estimate
Pune,Goa,taxi,3200,per_person_one_way,rough_estimate
Pune,Goa,train,1000,per_person_one_way,rough_estimate
Pune,Mahabaleshwar,bus,400,per_person_one_way,rough_estimate
Pune,Mahabaleshwar,taxi,1800,per_person_one_way,rough_estimate
Pune,Mahabaleshwar,train,450,per_person_one_way,rough_estimate
Pune,Mumbai,bus,500,per_person_one_way,rough_estimate
Pune,Mumbai,taxi,1800,per_person_one_way,rough_estimate
Pune,Mumbai,train,550,per_person_one_way,rough_estimate
Pune,Nashik,bus,400,per_person_one_way,rough_estimate
Pune,Nashik,taxi,1800,per_person_one_way,rough_estimate
Pune,Nashik,train,450,per_person_one_way,rough_estimate
Ranchi,Jamshedpur,bus,250,per_person_one_way,rough_estimate
Ranchi,Jamshedpur,taxi,1200,per_person_one_way,rough_estimate
Ranchi,Jamshedpur,train,300,per_person_one_way,rough_estimate
Ranchi,Netarhat,bus,400,per_person_one_way,rough_estimate
Ranchi,Netarhat,taxi,1800,per_person_one_way,rough_estimate
Ranchi,Netarhat,train,450,per_person_one_way,rough_estimate
Srinagar,Gulmarg,bus,300,per_person_one_way,rough_estimate
Srinagar,Gulmarg,taxi,1500,per_person_one_way,rough_estimate
Srinagar,Gulmarg,train,350,per_person_one_way,rough_estimate
Srinagar,Pahalgam,bus,400,per_person_one_way,rough_estimate
Srinagar,Pahalgam,taxi,1800,per_person_one_way,rough_estimate
Srinagar,Pahalgam,train,450,per_person_one_way,rough_estimate
Srinagar,Sonamarg,bus,300,per_person_one_way,rough_estimate
Srinagar,Sonamarg,taxi,1500,per_person_one_way,rough_estimate
Srinagar,Sonamarg,train,350,per_person_one_way,rough_estimate
Thiruvananthapuram,Kanyakumari,bus,250,per_person_one_way,rough_estimate
Thiruvananthapuram,Kanyakumari,taxi,1200,per_person_one_way,rough_estimate
Thiruvananthapuram,Kanyakumari,train,300,per_person_one_way,rough_estimate
Thiruvananthapuram,Kollam,bus,200,per_person_one_way,rough_estimate
Thiruvananthapuram,Kollam,taxi,1000,per_person_one_way,rough_estimate
Thiruvananthapuram,Kollam,train,250,per_person_one_way,rough_estimate
Thiruvananthapuram,Varkala,bus,150,per_person_one_way,rough_estimate
Thiruvananthapuram,Varkala,taxi,800,per_person_one_way,rough_estimate
Thiruvananthapuram,Varkala,train,200,per_person_one_way,rough_estimate
Varanasi,Ayodhya,bus,400,per_person_one_way,rough_estimate
Varanasi,Ayodhya,taxi,1800,per_person_one_way,rough_estimate
Varanasi,Ayodhya,train,450,per_person_one_way,rough_estimate
Varanasi,Lucknow,bus,500,per_person_one_way,rough_estimate
Varanasi,Lucknow,taxi,2200,per_person_one_way,rough_estimate
Varanasi,Lucknow,train,600,per_person_one_way,rough_estimate
Varanasi,Prayagraj,bus,300,per_person_one_way,rough_estimate
Varanasi,Prayagraj,taxi,1400,per_person_one_way,rough_estimate
Varanasi,Prayagraj,train,350,per_person_one_way,rough_estimate
